{
  "properties": {
    "connectionReferences": {
      "shared_commondataserviceforapps": {
        "runtimeSource": "embedded",
        "connection": {
          "connectionReferenceLogicalName": "ls_sharedcommondataserviceforapps_1218f"
        },
        "api": {
          "name": "shared_commondataserviceforapps"
        }
      },
      "shared_gmail": {
        "runtimeSource": "embedded",
        "connection": {
          "connectionReferenceLogicalName": "ls_sharedgmail_6085f"
        },
        "api": {
          "name": "shared_gmail"
        }
      }
    },
    "definition": {
      "$schema": "https://schema.management.azure.com/providers/Microsoft.Logic/schemas/2016-06-01/workflowdefinition.json#",
      "contentVersion": "1.0.0.0",
      "parameters": {
        "$connections": {
          "defaultValue": {},
          "type": "Object"
        },
        "$authentication": {
          "defaultValue": {},
          "type": "SecureObject"
        }
      },
      "triggers": {
        "When_a_row_is_added,_modified_or_deleted": {
          "metadata": {
            "operationMetadataId": "33f4a71b-571a-40c9-8f8f-9b5e88019cc3"
          },
          "type": "OpenApiConnectionWebhook",
          "inputs": {
            "host": {
              "connectionName": "shared_commondataserviceforapps",
              "operationId": "SubscribeWebhookTrigger",
              "apiId": "/providers/Microsoft.PowerApps/apis/shared_commondataserviceforapps"
            },
            "parameters": {
              "subscriptionRequest/message": 3,
              "subscriptionRequest/entityname": "ls_animalshelterrecord1",
              "subscriptionRequest/scope": 4
            },
            "authentication": "@parameters('$authentication')"
          }
        }
      },
      "actions": {
        "Get_a_row_by_ID": {
          "runAfter": {},
          "metadata": {
            "operationMetadataId": "af412a8a-a781-4f58-8659-9764ff8559e4"
          },
          "type": "OpenApiConnection",
          "inputs": {
            "host": {
              "connectionName": "shared_commondataserviceforapps",
              "operationId": "GetItem",
              "apiId": "/providers/Microsoft.PowerApps/apis/shared_commondataserviceforapps"
            },
            "parameters": {
              "entityName": "ls_animalshelterrecord1s",
              "recordId": "@triggerOutputs()?['body/ls_animalshelterrecord1id']"
            },
            "authentication": "@parameters('$authentication')"
          }
        },
        "Send_email_(V2)": {
          "runAfter": {
            "Get_a_row_by_ID_1": [
              "Succeeded"
            ]
          },
          "metadata": {
            "operationMetadataId": "0de2de39-7369-4734-94c9-f310e6614268"
          },
          "type": "OpenApiConnection",
          "inputs": {
            "host": {
              "connectionName": "shared_gmail",
              "operationId": "SendEmailV2",
              "apiId": "/providers/Microsoft.PowerApps/apis/shared_gmail"
            },
            "parameters": {
              "emailMessage/To": "lalshay.work@gmail.com",
              "emailMessage/Subject": "Thanks for Fostering @{outputs('Get_a_row_by_ID')?['body/ls_animalname']}",
              "emailMessage/Body": "<p class=\"editor-paragraph\">Hello @{outputs('Get_a_row_by_ID_1')?['body/ls_fosterclaimername']},</p><p class=\"editor-paragraph\">Thanks for Fostering @{outputs('Get_a_row_by_ID')?['body/ls_animalname']}, Here is some important infomation about @{outputs('Get_a_row_by_ID')?['body/ls_animalname']}.<img alt=\"Photo from url\" src=\"@{outputs('Get_a_row_by_ID')?['body/ls_photourl']}\" style=\"width:200px; height:200px;\"></p><br><p class=\"editor-paragraph\"><b><strong class=\"editor-text-bold\">Type: </strong></b>@{outputs('Get_a_row_by_ID')?['body/ls_animaltype']}</p><p class=\"editor-paragraph\"><b><strong class=\"editor-text-bold\">Age: </strong></b>@{outputs('Get_a_row_by_ID')?['body/ls_age']}</p><p class=\"editor-paragraph\"><b><strong class=\"editor-text-bold\">Sex: </strong></b>@{outputs('Get_a_row_by_ID')?['body/ls_sex']}</p><p><strong class=\"editor-text-bold\">Medical Conditions: </strong>@{outputs('Get_a_row_by_ID')?['body/ls_medicalconditions']}</p><p class=\"editor-paragraph\"><b><strong class=\"editor-text-bold\">Treatments: </strong></b>@{outputs('Get_a_row_by_ID')?['body/ls_medicaltreatments']}</p><br><p class=\"editor-paragraph\">I hope you will be able to come pick him by @{formatDateTime(addDays(outputs('Get_a_row_by_ID_1')?['body/ls_joindate'], 7),'yyyy-MM-dd')\r\n}.</p><br><p class=\"editor-paragraph\">Regards,</p><p class=\"editor-paragraph\">Paw &amp; Heart Animal Rescue</p>"
            },
            "authentication": "@parameters('$authentication')"
          }
        },
        "Get_a_row_by_ID_1": {
          "runAfter": {
            "Get_a_row_by_ID": [
              "Succeeded"
            ]
          },
          "metadata": {
            "operationMetadataId": "692440ee-d81c-45b6-9ac5-e31644578ffc"
          },
          "type": "OpenApiConnection",
          "inputs": {
            "host": {
              "connectionName": "shared_commondataserviceforapps",
              "operationId": "GetItem",
              "apiId": "/providers/Microsoft.PowerApps/apis/shared_commondataserviceforapps"
            },
            "parameters": {
              "entityName": "ls_fostercarerecords",
              "recordId": "@outputs('Get_a_row_by_ID')?['body/_ls_fostercarerecord_value']"
            },
            "authentication": "@parameters('$authentication')"
          }
        }
      }
    },
    "templateName": ""
  },
  "schemaVersion": "1.0.0.0"
}